Judul,Tanggal,Penulis,Isi,Link Lengkap
Stasiun Cijulang: Persinggahan 'Ular Besi' ke Batukaras yang Terbengkalai,2022-01-15 11:10:26,"['Aldi Nur Fadilah', 'Https', 'Www.Facebook.Com Detikcom', 'Aldi Nur Fadilah - Detiknews']","Stasiun kereta api (KA) yang menghubungkan jalur Cijulang-Banjar-Pangandaran kini hanya tinggal kenangan. Dahulu jalur tersebut menjadi primadona, yang mengantarkan turis ke Batukaras.

Sejarah mencatat, stasiun KA Cijulang yang menghubungkan ke Pangandaran hingga Banjar itu merupakan jalur paling sibuk pada zamannya. Jalur yang masuk wilayah aset Daop II Bandung itu memiliki panjang 82 KM.

Pemandangan yang disuguhkan di sepanjang jalur KA Cijulang-Banjar pun luar biasa. Terutama, panorama ngarai dan perbukitan saat melewati Jembatan Cikacepit dan Terowongan Wilhelmina di Pangandaran.

Tak hanya untuk pelesir, jalur tersebut juga digunakan warga sebagai sarana transportasi karena ongkosnya yang terjangkau. Ajat (52) warga dusun Ciwaru, Desa/Kecamatan Cijulang, Kabupaten Pangandaran mengatakan, mengatakan, ketika itu banyak juga muda-mudi yang memadu kasih sambil wisata.

Kondisi Stasiun Cijulang awal tahun 2022, hampir roboh tak terawat Foto: Aldi Nur Fadilah/detikcom Kondisi Stasiun Cijulang awal tahun 2022, hampir roboh tak terawat Foto: Aldi Nur Fadilah/detikcom

Sayang jalur yang dibuka sejak tahun 1921 itu ditutup pada 1982, bersamaan dengan penutupan petak jalur Banjar-Pangandaran.

""Anak zaman dulu bandelnya berpacaran gitu, sepulang sekolah atau hari libur mengajak pacar naik KA Cijulang-Banjar lalu balik lagi,"" kata Ajat kepada detikcom,Jumat(14/1/2022).

Namun kini, masa-masa itu hanya tinggal menjadi kenangan. Bangunan stasiun KA Cijulang pun kini hanya tinggal bangunan tak terawat. Struktur bangunannya sebagian rapuh dan dipenuhi oleh rerumputan.

Yang masih terlihat utuh, hanyalah ruang tiketing dan pintu masuk pertama masuk ke stasiun tersebut. Pintu tua yang terbuat dari kayu itu masih terpasang, meski mulai lapuk termakan usia.

""Sekarang tak terawat, padahal jika dibereskan bisa menjadi daya tarik wisata untuk bangunan tua,"" ucapnya.

Tak hanya soal bangunan, rel jalur kereta itu pun sudah hilang. ""Ada oknum yang ambil besi untuk dijual, adapun yang dimanfaatkan untuk kebutuhan tiang penyangga,"" katanya.

Ajat berharap Stasiun dan jalur Cijulang ini bisa kembali dihidupkan. Selain tampak indah, juga diharapkan bisa mendongkrak ekonomi penduduk di sekitar. ""Mudah-mudahan saja rencana pemerintah daerah untuk menghidupkan kembali KA Cijulang segera teralisasi,"" ujarnya.",https://news.detik.com/berita-jawa-barat/d-5899163/stasiun-cijulang-persinggahan-ular-besi-ke-batukaras-yang-terbengkalai
Empat Tahanan Polsek di Bandung Barat Kabur Lewat Atap,2022-01-15 10:59:23,"['Whisnu Pradana', 'Https', 'Www.Facebook.Com Detikcom', 'Whisnu Pradana - Detiknews']","Empat tahanan di Polsek Cikalongwetan, Kabupaten Bandung Barat (KBB), melarikan diri pada Rabu (12/1/2022) dini hari. Dua orang sudah ditangkap.

Mereka diduga kabur melalui atap kemudian melarikan diri ke pemukiman warga Kampung Warung Domba, Desa Mandalamukti, Kecamatan Cikalongwetan yang berada tepat di belakang Mapolsek Cikalongwetan.

""Iya betul (tahanan kabur). Ada empat orang yang kabur,"" ucap Kanit Intelkam Polsek Cikalongwetan, Aipda Hendra saat dihubungi detikcom, Sabtu (15/1/2022).

Sampai saat ini pihak kepolisian dari Polsek Cikalongwetan dan Tim Reskrim Mobile (Resmob) Satreskrim Polres Cimahi masih melakukan pengejaran terhadap para tahanan yang kabur tersebut.

Berdasarkan informasi, para tahanan dengan berbagai tindak kriminal itu ada yang kabur sampai ke kawasan hutan Gunung Burangrang.

""Sampai saat ini masih dalam tahap pengejaran. Sudah dua orang berhasil diamankan lagi, dua orang lagi masih belum ditemukan,"" ujar Hendra.

Dua orang tahanan yang sudah diamankan sebelumnya dititip di ruang tahanan Mapolres Cimahi kemudian dilimpahkan ke kejaksaan. ""Untuk sekarang sudah dilimpahkan ke kejaksaan,"" ujar Hendra.

Sementara itu, pihaknya juga langsung melakukan perbaikan pada ruang tahanan yang ada di Mapolsek Cikalongwetan. ""iya betul langsung kita perbaiki dan sekarang masih dalam tahap perbaikan,"" kata Hendra.",https://news.detik.com/berita-jawa-barat/d-5899146/empat-tahanan-polsek-di-bandung-barat-kabur-lewat-atap
"Crazy Rich Bangka Beli Lukisan NFT Ridwan Kamil, Berapa Harganya?",2022-01-15 10:45:36,"['Yudha Maulana', 'Https', 'Www.Facebook.Com Detikcom', 'Yudha Maulana - Detiknews']","Lukisan NFT (Non-fungible token) karya Gubernur Jawa Barat Ridwan Kamil laku terjual Rp 45,5 juta dalam marketplace NFT, Open Sea.

Karyanya dibeli crazy rich asal Bangka, Lanang Cikal Narendra. Pembelian NFT itu di-posting melalui akun Instagram resmi Lanang Cikal, @lanangcikall. Ia mengunggah lukisan 'Pandemic Self Potrait' karya Ridwan Kamil itu di dalam instastory-nya.

Pembelian yang dilakukan Lanang juga ramai di-posting oleh para pelaku NFT lokal seperti akun instagram Dagelan. Dilihat dari laman opensea.io, lukisan yang diunggah dalam galeri NFT Ridwan_Kamil_Collection itu terjual dengan harga 1 Ethereum (ETH). Seperti diketahui, 1 ETH senilai $3,213.42 atau setara Rp 45,5 juta.

Di dalam galeri itu juga dipajang karya lukisan milik Solihin, salah seorang pelukis yang biasa berkarya di Jalan Braga Bandung. Lukisan itu pun telah naik harga pasarnya dari Rp 500 ribu menjadi 0,09 ETH atau setara Rp 4,2 juta usai dipasarkan di Open Sea.

Selain itu, Ridwan Kamil juga memajang lukisan hasil karya anak perempuannya, Zahra, yang diberi judul Famous Girl. ""This painting was made by my daughter which describes the women's situation nowadays (lukisan ini dibuat oleh anak perempuan saya yang menggambarkan situasi perempuan saat ini,"" tulis pria yang akrab disapa Kang Emil itu.

Sekadar diketahui, Kang Emil berencana memfasilitasi para pelaku ekonomi kreatif untuk menjual karyanya lewat platform Non-Fungible Token atau NFT. Rencananya, pria yang akrab disapa Emil itu akan menampung karya para seniman untuk dijual di akun NFT yang disediakan pemerintah.

""Kepentingan saya, ini cara baru, cuma orang merasa rumit. Maka saya akan buat cara membuat akun di bursanya dan dikoordinir saja oleh kita. Jadi bisa titip ke kita, enggak usah register lagi dan bayar lagi. Kita ibaratnya menyediakan wadah,"" kata Kang Emil.",https://news.detik.com/berita-jawa-barat/d-5899137/crazy-rich-bangka-beli-lukisan-nft-ridwan-kamil-berapa-harganya
"Lagi! Gempa M 4,7 di Sumur Banten",2022-01-15 10:06:35,"['Danu Damarjati', 'Https', 'Www.Facebook.Com Detikcom', 'Danu Damarjati - Detiknews']","Pagi ini, kawasan laut dekat Selat Sunda kembali diguncang gempa. Gempa bermagnitudo (M) 4,7.

""Info gempa Magnitudo 4,7,"" demikian cuit akun resmi BMKG Bandung (@BMKGBandung), Sabtu (15/1/2022).

Gempa terjadi pada pukul 09.29.38 WIB. Lokasi pusat gempa ada di 48 km arah barat daya dari Sumur, Banten. Koordinatnya adalah 6,96 Lintang Selatan dan 105,26 Bujur Timur.

""Kedalaman 21 km,"" kata BMKG.

Gempa dirasakan di Sumur, Panggarangan, Cibeber, Malingping, Bayah, Cihara, Muarabinuangeun, Cigemblong, dan Panimbang pada skala III MMI. Getaran dirasakan nyata dalam rumah. Terasa getaran seakan-akan ada truk berlalu.

Simak Video: Update Dampak Gempa Banten: 1.100 Rumah Rusak-200 Warga Mengungsi

[Gambas:Video 20detik]







",https://news.detik.com/berita/d-5899104/lagi-gempa-m-47-di-sumur-banten
Gaya Puan Maharani Hadiri Pernikahan Vidi Aldiano-Sheila Dara,2022-01-15 10:40:56,[],"Vidi Aldiano dan Sheila Dara Aisha resmi menikah hari ini, Sabtu (15/1). Prosesi akad nikah dihadiri sejumlah tamu pejabat, salah satunya ada Ketua DPR RI Puan Maharani. Ia mengenakan busana kebaya putih dipadukan dengan kain batik. Hadir pula Kepala Bakamla Laksdya TNI Aan Kurnia sebagai saksi akad nikah.",https://wolipop.detik.com/detiktv/d-5899141/gaya-puan-maharani-hadiri-pernikahan-vidi-aldiano-sheila-dara
"Kunjungi Sentra Jamu Gendong di Sleman, Sandiaga: Rasanya Wuenak!",2022-01-15 10:10:29,"['Jauh Hari Wawan S', 'Https', 'Www.Facebook.Com Detiktravel']","Menteri Pariwisata dan Ekonomi Kreatif (Menparekraf) Sandiaga Uno mengunjungi sentra jamu di Padukuhan Gesikan, Merdikorejo, Tempel, Sleman. Sandiaga ingin membangkitkan kembali ekonomi kerakyatan lewat wisata kesehatan sekaligus membuat paket wisata jamu gendong.

Dalam kesempatan itu, Sandiaga juga sempat mencicipi jamu beras kencur yang diolah oleh perajin jamu setempat. Mantan Wagub DKI Jakarta itu pun memuji rasa jamu yang ia minum.

""Rasanya wuenak, ada efek sampingnya?,"" ujar Sandi yang kemudian ditanggapi Bupati Sleman Kustini Sri Purnomo ""Badan jadi hangat,"".

Soal sentra jamu gendong ini, sebelumnya telah ditetapkan oleh Kabupaten Sleman pada 2018. Sandi pun akan membuat paket wisata sentra jamu gendong.

""(Saya dengar) saat ini akan dibuatkan sebagai salah satu destinasi untuk travel pattern atau pola perjalanan dalam pengembangan destinasi super prioritas Borobudur,"" ujar Sandiaga.

Sandiaga Uno minum jamu. Foto: Jauh Hari Wawan S/detikcom Sandiaga Uno minum jamu. Foto: Jauh Hari Wawan S/detikcom

Oleh karena itu, ia dan Kemenparekraf akan mendukung penuh pengembangan sentra jamu ini. Mulai dari digitalisasi, pemasaran dan lain sebagainya.

""Saya diberitahu ada 30 perajin jamu gendong mungkin bisa disampaikan (kendala-kendalanya), sehingga kami bisa mulai bekerja melakukan pematangan di destinasi ini,""

""Misalnya digitalisasi, pelatihan, paket promosi, termasuk voucher, karena tahun lalu kita punya program diskon. Ini yang disinergikan dengan Kementerian,"" imbuhnya.

Jamu, kata Sandiaga, merupakan bagian dari wellness dan herbal tourism Indonesia, bagian wisata kesehatan yang dikembangkan Kemenparekraf.

""Intinya kita ingin sentra jamu gendong ini menjadi simbol kebangkitan. Karena tadi minum beras kencur kita langsung merasa ingin bangkit. Badan mulai terasa hangat, terasa enak,"" sebutnya.

Sementara itu, Sarjono dari sentra jamu gendong mengatakan selama ini pihaknya mengalami kesulitan dalam pemasaran. Oleh karena itu, ia meminta agar ada dukungan dari Kemenparekraf untuk keberlangsungan usaha jamu ini.

""Kami kesulitan dari segi pemasaran. Kalau sudah jadi destinasi mudah-mudahan bisa menjadi peningkatan ekonomi yang signifikan,"" ucap Sarjono.

Konten Kreatif Bantu Promosi Desa Wisata, Sandiaga Benahi Jaringan Internet",https://travel.detik.com/travel-news/d-5899057/kunjungi-sentra-jamu-gendong-di-sleman-sandiaga-rasanya-wuenak
Update Dampak Gempa Banten: 1.100 Rumah Rusak-200 Warga Mengungsi,2022-01-15 22:00:00,['Rifat Alhamidi'],"Gempa bumi dengan magnitudo (M) 6,6 mengguncang Banten pada Jumat (14/1). Ribuan rumah dilaporkan rusak.",https://20.detik.com/detikflash/20220115-220115050/update-dampak-gempa-banten-1100-rumah-rusak-200-warga-mengungsi
"KuTips: DIY Wall Decor Estetik Low Budget, Kuy Dicoba!",2022-01-15 22:00:00,[],"Hai detikers, yuk kita dekorasi dinding kamu dengan wall decor buatan sendiri. Ini dia DIY wall decor estetik low budget. Kuy dicoba!",https://20.detik.com/e-flash/20220115-220115054/kutips-diy-wall-decor-estetik-low-budget-kuy-dicoba
Gaya Puan Maharani Hadiri Pernikahan Vidi Aldiano-Sheila Dara,2022-01-15 22:00:00,[],"Vidi Aldiano dan Sheila Dara Aisha resmi menikah hari ini, Sabtu (15/1). Prosesi akad nikah dihadiri sejumlah tamu pejabat, salah satunya ada Ketua DPR RI Puan Maharani. Ia mengenakan busana kebaya putih dipadukan dengan kain batik. Hadir pula Kepala Bakamla Laksdya TNI Aan Kurnia sebagai saksi akad nikah.",https://20.detik.com/e-flash/20220115-220115052/gaya-puan-maharani-hadiri-pernikahan-vidi-aldiano-sheila-dara
Manchester City Diprediksi Menang Tipis dari Chelsea,2022-01-15 22:00:00,['Fandi Akbar Saputra'],"Laga big match akan mempertemukan Manchester City vs Chelsea Sabtu (15/1) malam. Pengamat Sepakbola, Kesit Budi Handoyo memprediksi klub asuhan Pep Guardiola akan memenangkan pertandingan dengan skor tipis.",https://20.detik.com/sport-buzz/20220115-220115051/manchester-city-diprediksi-menang-tipis-dari-chelsea
"Mulai Sering Kelihatan di Jalan, Hyundai Staria Laris Manis?",2022-01-15 10:55:46,"['Luthfi Anshori', 'Https', 'Www.Facebook.Com Detikoto', 'Luthfi Anshori - Detikoto']","Hyundai Staria menjadi salah satu andalan Hyundai Indonesia di segmen premium. Berada di kelas yang sama seperti Toyota Alphard, seberapa laris angka penjualan Hyundai Staria?

Hyundai Motors Indonesia melakukan gebrakan dengan meluncurkan MPV mewah, Staria, pada Agustus 2021 lalu. Kehadiran mobil ini menjadi opsi yang menarik bagi konsumen, sebab Staria memiliki desain futuristis yang berbeda dengan MPV-MPV mewah buatan pabrikan Jepang yang cenderung elegan.

Mobil ini tampaknya sudah bisa diterima masyarakat Indonesia. detikOto beberapa kali menemukan penampakan Hyundai Staria di jalanan Jakarta. Lalu, seberapa banyak kah penjualan mobil MPV bongsor ini?

Erwin Djajadiputra, selaku Sales Director PT Hyundai Motors Indonesia (HMID), mengklaim Hyundai Staria mendapat respons positif dari konsumen Tanah Air. Untuk sebuah MPV premium dengan harga mulai Rp 888 juta hingga Rp 1,020 miliar, mobil mampu terjual ratusan unit.

""Tahun (2021) lalu kira-kira (wholesales-nya) kurang lebih 300 unit. Kita kan launching baru Agustus (2021) dan sempat mengalami kendala suplai juga,"" kata Erwin kepada wartawan di area PT Hyundai Motor Manufacturing Indonesia (HMMI) Cikarang, Bekasi, Jawa Barat, Kamis (13/1/2022).

Selain angka wholesales-nya yang diklaim tinggi, bukti lain jika Staria diminati adalah soal masa tunggunya yang cukup lama. Menurut Erwin, saat ini tipe Staria masih inden antara 1-2 bulan. Jadi konsumen harus bersabar.

""Staria cukup bagus. Artinya gini, memang itu kan premium MPV, secara market tidak seperti Creta. Tapi penerimaan masyarakat cukup bagus dan buktinya hari ini masih inden, sekitar 1-2 bulan, terutama di awal tahun (2022) ini,"" sambung Erwin.

Sebagai informasi, Hyundai Staria dipasarkan dalam dua trim dan harga. Model Signature 9, harganya Rp 888 juta, sementara Signature 7 harganya Rp 1,020 miliar.",https://oto.detik.com/mobil/d-5899145/mulai-sering-kelihatan-di-jalan-hyundai-staria-laris-manis
Kata Hyundai Soal Mobil Rakyat di Bawah Rp 250 Juta Usulan Kemenperin,2022-01-14 18:16:31,"['Luthfi Anshori', 'Https', 'Www.Facebook.Com Detikoto', 'Luthfi Anshori - Detikoto']","Menteri Perindustrian Agus Gumiwang Kartasasmita mengusulkan 'mobil rakyat' dengan harga di bawah Rp 250 juta tidak terkena PPnBM (Pajak Penjualan atas Barang Mewah). Begini tanggapan Hyundai.

Kementerian Perindustrian mengusulkan agar mobil dengan harga di bawah Rp 250 juta dan local purchase (kandungan lokal) minimal sebesar 80% tidak dikenai PPnBM mulai tahun 2022.

Kemenperin menyebut pada Maret-November 2021, penjualan mobil peserta program stimulus PPnBM 0% mencapai 428.947 unit, atau meningkat 126,6% dari periode yang sama di tahun sebelumnya (189.364 unit). Sebanyak 60% merupakan mobil di bawah 1.500 cc dengan kisaran harga Rp 250 juta.

Menanggapi usulan tersebut, Hyundai Indonesia mengatakan ingin mengetahui lebih pasti soal wacana mobil rakyat dengan banderol di bawah Rp 250 juta, khususnya segmen yang ingin dijangkau pemerintah.

""Kalau misal dikatakan mobil murah atau tidak, menurut saya tergantung segmen yang mau dijangkau, yang mau dituju seperti apa. Karena kebetulan kan sekarang segmen yang paling gemuk, yang di bawah 300 (juta). Kalau di bawah 300 juta, Creta pun kan ada yang di bawah 300 juta,"" kata Chief Operating Officer PT Hyundai Motors Indonesia (HMID), Makmur, kepada wartawan di PT Hyundai Motor Manufacturing Indonesia (HMMI) Cikarang, Jawa Barat, Kamis (13/1/2022).

Hyundai sendiri saat ini sudah memiliki fasilitas perakitan mobil di Cikarang dengan kapasitas 150 ribu unit per tahun yang bisa ditingkatkan menjadi 250 ribu unit per tahun. Tentunya hal yang mudah bagi Hyundai jika ingin meningkatkan local purchase 80% supaya sesuai kriteria mobil rakyat yang bebas PPnBM. Apakah Hyundai menyanggupi hal itu?

""Nanti kita lihat saja. Saya belum bisa buka di sini karena peraturan pemerintah kan juga belum clear,"" sambung Makmur.

Sebelumnya Menteri Keuangan Sri Mulyani juga sudah buka suara soal usulan penghapusan PPnBM untuk mobil rakyat yang diajukan Kemenperin. Tapi Sri Mulyani menegaskan sampai saat ini pemerintah belum memutuskan apapun soal wacana tersebut. Bahkan, Presiden Joko Widodo meminta agar wacana itu dikaji lagi.

""Untuk PPnBM mobil kita belum putuskan. Sama Presiden minta dikaji lagi, terutama tentu dikaitkan apakah demand-nya sudah meningkat cukup bagus? Kalau manufaktur dan perdagangan sih kita lihat mulai bergerak kuat,"" ungkap Sri Mulyani kepada wartawan di Jakarta (31/12/2021).

Yang jelas, Sri Mulyani menyatakan pemerintah akan makin selektif memberikan insentif pajak. Bisa jadi insentif PPnBM untuk mobil tidak diberikan bila permintaan masyarakat sudah pulih. Dia menegaskan sejauh ini insentif pajak untuk sektor otomotif belum bisa diputuskan.

""Kita akan selektif gunakan instrumen itu. Untuk yang otomotif belum bisa diputuskan,"" ujar Sri Mulyani.",https://oto.detik.com/mobil/d-5898546/kata-hyundai-soal-mobil-rakyat-di-bawah-rp-250-juta-usulan-kemenperin
"Canggihnya Pabrik Hyundai di Cikarang: Full AC, Pakai 409 Robot Perakit Mobil",2022-01-14 15:12:58,"['Luthfi Anshori', 'Https', 'Www.Facebook.Com Detikoto', 'Luthfi Anshori - Detikoto']","Pabrik Hyundai di Cikarang, Bekasi, Jawa Barat, akan memulai produksi perdananya pada Senin 17 Januari 2022. Pabrik ini memiliki sejumlah kecanggihan, antara lain sudah full AC dan sudah memakai sekitar 409 tenaga robot untuk proses perakitan mobil.

PT Hyundai Motors Indonesia (HMDI) mengajak sejumlah wartawan untuk melihat pabrik baru PT Hyundai Motor Manufacturing Indonesia (HMMI) di Bekasi, Jawa Barat. Dalam acara yang berlangsung pada Kamis (13/1) itu, awak media juga mendapat kesempatan melakukan first drive Hyundai Creta.

Sebagai informasi, pada tanggal 26 November 2019, Hyundai Motor Company dan pemerintah Indonesia menandatangani nota kesepahaman (MoU) untuk membangun pabrik manufaktur di Tanah Air yang sekaligus menjadi pusat manufaktur pertamanya di Asia Tenggara. Pabrik tersebut memiliki nilai investasi sekitar USD 1,55 miliar hingga 2030.

Pembangunan pabrik yang berlokasi di Deltamas, Cikarang Pusat, Bekasi, Jawa Barat, Indonesia ini rampung pada Desember 2021 lalu. Pabrik manufaktur tersebut dibangun di atas lahan seluas 77,7 hektar dengan luas bangunan 18,8 hektar. Pabrik ini bisa memproduksi 150 ribu mobil per tahun.

Hyundai Creta yang akan diproduksi di pabrik Cikarang Foto: Luthfi Anshori/detikOto Hyundai Creta yang akan diproduksi di pabrik Cikarang Foto: Luthfi Anshori/detikOto

Dengan selesainya pembangunan pabrik di Indonesia, Hyundai langsung memulai proses produksi model Hyundai pertama yang dibuat di Indonesia, untuk masyarakat Indonesia, yaitu Hyundai Creta. Selain Creta, Hyundai juga bakal memproduksi mobil listrik, Ioniq 5, tahun 2022 ini.

Pada Kamis, 13/1/2022, HMMI mengajak wartawan, termasuk detikOto, untuk mengintip proses produksi kendaraan yang ada di fasilitas HMMI, antara lain fasilitas pembuat oksigen medis, safety training center, press shop, body shop, dan terakhir assembly shop.

Oh iya, selama awak media berkeliling di fasilitas pabrik HMMI, pihak Hyundai melarang kami untuk mengambil gambar, baik dalam bentuk foto atau video, sehingga kami tidak bisa menyajikan dalam bentuk visualnya kepada para pembaca.

Hyundai Creta yang baru saja selesai diproduksi Foto: Luthfi Anshori/detikOto Hyundai Creta yang baru saja selesai diproduksi Foto: Luthfi Anshori/detikOto

[Lanjut Halaman Berikutnya: pengalaman kami berkunjung ke pabrik Hyundai Indonesia:]",https://oto.detik.com/mobil/d-5898100/canggihnya-pabrik-hyundai-di-cikarang-full-ac-pakai-409-robot-perakit-mobil
Siap-siap! Harga Netflix Bakal Naik,2022-01-15 11:00:50,"['Aulia Damayanti', 'Https', 'Www.Facebook.Com Detikfinance', 'Aulia Damayanti - Detikfinance']","Harga langganan streaming film, Netflix dilaporkan akan naik. Pengumuman ini disampaikan langsung oleh pihak Netflix, kemarin Jumat.

""Kami memperbarui harga sehingga kami dapat terus menawarkan berbagai pilihan hiburan berkualitas. Seperti biasa, kami menawarkan berbagai paket sehingga anggota dapat memilih harga yang sesuai dengan anggaran mereka,"" kata juru bicara Netflix.

Rencananya, kenaikan harga ini akan berlaku di Amerika Serikat (AS) dan Kanada. Harga langganan Netflix di AS, untuk standar naik US$ 1,50 atau setara Rp 21.450 (kurs Rp 14.300) menjadi US$ 15,49 atau Rp 221.507. Paket dasar naik US$ 1 menjadi US$ 9,99 atau Rp 142.857 dan paket premium naik US$ 2 menjadi US$ 19.99 atau Rp 285.857.

Untuk pelanggan Netflix di Kanada, harga paket standar naik 1,50 dolar Kanada menjadi 16,49 dolar Kanada atau Rp 187.986 (kurs Rp 11.400). Paket premium naik 2 dolar Kanada menjadi 20,99 dolar Kanada atau Rp 239.286. Sementara paket dasar Netflix di Kanada rencananya tidak naik.

Dikutip dari CNN, Sabtu (15/1/2022), sebenarnya, alasan Netflix menaikan harga cukup sederhana. Sejauh ini perusahaan telah menghabiskan miliaran dolar untuk konten, belum lagi persaingan streaming yang meningkat.

Tentu hal tersebut cenderung membuat pertumbuhan perusahaan melambat dan menarik pelanggan baru semakin sulit. Saat itu, perusahaan memerlukan dana lebih untuk berkembang. Dengan menaikkan harga merupakan cara mudah untuk mendapatkan modal baru.

Sebagai contoh pertumbuhan Netflix yang melambat, yakni pada laporan di bulan Oktober. Netflix mengumumkan pelanggannya bertambah 4,4 juta. Maka total pelanggan globalnya menjadi 213,5 juta.

Kenaikan itu tidak menjadi rekor baru. Hal tersebut membuktikan keadaan dua kuartal lesu berturut-turut untuk perusahaan.",https://finance.detik.com/berita-ekonomi-bisnis/d-5899114/siap-siap-harga-netflix-bakal-naik
Stop Nonton Lewat Lk21 dan Indoxxi! Kalo Streaming di Sini Aja Ya,2021-11-26 13:38:53,"['Ignacio Geordi Oswaldo', 'Https', 'Www.Facebook.Com Detikfinance', 'Ignacio Geordi Oswaldo - Detikfinance']","Masih zaman nonton film online di IndoXXI dan LayarKaca21? Duh jangan lagi deh! Karena sekarang ini sudah ada banyak situs streaming yang legal dan gratis.

Penting untuk diketahui, IndoXXI dan LayaKaca21 merupakan situs ilegal dan ada bahaya yang mengintai penggunanya. Misalnya perangkat yang digunakan baik itu smartphone, laptop atau komputer bisa disusupi malware.

Dampak lebih jauhnya dari bahaya malware bisa membuat perangkat tidak berjalan optimal hingga meretas data dan aplikasi perbankan. Daripada kena imbasnya, lebih baik pilih beberapa situs nonton film streaming di bawah ini yang sudah pasti legal dan ada yang memberikan fasilitas nonton film gratis.

Berikut daftar situs legal yang cocok buat streaming film:

1. Netflix

Netflix jadi salah satu layanan streaming film legal. Film di Netflix tersedia dari film Hollywood, Indonesia, drama Korea seperti Vincenzo yang dibintangi Soo Joong Ki, drama series Money Heist yang sedang booming, serial film dari Amerika Serikat, dan sebagainya.

Netflix juga dapat ditonton di HP. Biayanya mulai dari Rp 54 ribu hingga ratusan ribu rupiah per bulan.

2. Disney+ Hotstar

Disney+ Hotstar adalah layanan streaming legal yang menyediakan film-film mancanegara seperti film-film Hollywood dan film Disney. Disney+ juga memutar film lokal Indonesia. Biaya Disney+ Hotstar antara Rp 39 ribu hingga ratusan ribu rupiah per bulan.

3. Goplay

Goplay adalah layanan streaming film, serial dari Gojek, konser musik pertunjukan musik (showcase), jumpa penggemar, dan konten hiburan lainnya. Konten original yang tersedia di Goplay seperti Gossip Girl Indonesia dan Bukan Keluarga Biasa.

Download Goplay di HP melalui Appstore dan Google Play Store. Cara ini lebih aman dibandingkan nonton di IndoXXI yang berpotensi membawa malware dan merusak gadget.

4. HBO Go

HBO Go juga salah satu layanan streaming film legal. Kamu bisa menonton tayangan HBO Original, HBO Asia Original, dan film-film Hollywood. Kamu juga bisa menontonnya dari ponsel. Harga langganannya mulai dari Rp 60 ribu per bulan.

5. FilmRise

Daripada nonton di IndoXXI atau LK21, lebih baik nonton lewat layanan FilmRise. Studio film dan televisi terkemuka di industri serta jaringan streaming AVOD terbesar yang dimiliki secara independen. FilmRise ini berbasis di Brooklyn, Amerika Serikat.

Mereka menawarkan lebih dari 30.000 judul film dan televisi di berbagai platform streaming di seluruh dunia. FilmRise juga menampilkan film-film dengan judul-judul ikonik seperti Hell's Kitchen karya Gordon Ramsay dan Batman tahun 1960-an yang asli.

6. Genflix

Genflix adalah portal dan aplikasi untuk menonton siaran langsung seperti bola, koleksi film, baik film baru maupun film kenangan yang berjaya di masanya. Portal berikut ini juga legal tidak seperti website IndoXXI.

Sebagai portal film yang menyasar anak muda, Genflix menyediakan film berkualitas baik film box office yang meraih penghargaan internasional, maupun film pendek.

Genflix juga menghasilkan layanan yang dapat dinikmati masyarakat dan sangat memperhatikan interaksi dengan pelanggannya, sehingga pelanggan Genflix akan menikmati keuntungan tidak hanya menonton film tetapi juga dari merchant yang bekerja sama dengan Genflix.

7. Hulu

Situs streaming film Hulu menyediakan koleksi film dengan kualitas HD. Kamu harus berlangganan untuk mengakses film-film yang ada di Hulu.

8. Viki

Viki adalah situs streaming film legal yang terdiri dari film atau drama Asia. Drama Korea, China tersedia di sini lho, jadi jangan buka IndoXXI ya.

9. Tubi

Tubi adalah aplikasi streaming video legal dan gratis. Untuk menjaga layanan tetap legal dan gratis, Tubi menyertakan iklan.

Konten-konten film yang disajikan di Tubi mulai dari genre horor, komedi, hingga dokumenter. Tubi juga tersedia berupa versi aplikasi untuk iOS dan Android.

10. VIU

Streaming film legal berikutnya yakni VIU. Di VIU kamu bisa menonton drama Korea, drama Jepang, dan film Indonesia. Sebelum menonton drama dan film, kamu harus download dulu aplikasi VIU.

Kemudian kamu bisa menonton melalui ponsel dan laptop dengan membayar biaya langganan. Jadi situs streaming nonton film legal mana favoritmu? Jangan menonton di IndoXXI dan website sejenisnya ya!

11. MAXstream

MAXstream adalah aplikasi video streaming dari Telkomsel yang menampilkan ribuan film dan serial TV, baik tayangan MAXstream Original, channel TV lokal, hingga channel internasional.

Aplikasi ini menyajikan beragam genre film seperti action, horor, drama, hingga komedi. Paket kuota MAXstream bisa dibeli mulai dari Rp 6.500 untuk 3 hari.",https://finance.detik.com/berita-ekonomi-bisnis/d-5828385/stop-nonton-lewat-lk21-dan-indoxxi-kalo-streaming-di-sini-aja-ya
Netflix hingga TikTok Setor Pajak ke RI Hampir Rp 4 T,2021-11-18 10:36:37,"['Trio Hamdani', 'Https', 'Www.Facebook.Com Detikfinance', 'Trio Hamdani - Detikfinance']","Pemerintah telah mengantongi Rp 3,92 triliun dari pajak pertambahan nilai (PPN) perusahaan internasional berbasis digital, termasuk di dalamnya Netflix, Spotify, hingga TikTok. PPN tersebut yang berhasil dikumpulkan hingga 31 Oktober 2021.

Para pemungut PPN Perdagangan Melalui Sistem Elektronik (PMSE) telah memungut dan menyetorkan PPN PMSE, terdiri dari setoran tahun 2020 sebesar Rp 730 miliar dan setoran tahun 2021 sebesar Rp 3,19 triliun. Setoran tersebut berasal dari 65 pelaku usaha PMSE.

Sebanyak 65 pelaku usaha PMSE tersebut merupakan bagian dari total 87 pelaku usaha PMSE yang telah ditunjuk oleh DJP untuk memungut PPN PMSE atas produk digital luar negeri yang dijual di Indonesia. Jumlah tersebut terus bertambah ataupun berkurang melalui penunjukkan atau penghapusan yang dilakukan oleh DJP dengan melihat kondisi terkini yang ada.

Direktur Penyuluhan, Pelayanan, dan Hubungan Masyarakat DJP Neilmaldrin Noor menerangkan, dengan penunjukan perusahaan sebagai pemungut PPN PMSE, para pelaku usaha tersebut berkewajiban memungut PPN atas produk digital yang dijual kepada konsumen di Indonesia.

Jumlah PPN yang harus dipungut adalah 10% dari harga sebelum pajak dan harus dicantumkan pada kuitansi atau invoice yang diterbitkan penjual sebagai bukti pungut PPN.

Terakhir, pada September 2021, DJP menambah empat pelaku usaha untuk memungut PPN PMSE. Empat perusahaan tersebut adalah Chegg, Inc, NBA Properties,Inc, Activision Blizzard International B.V, dan Economist Digital Services Limited.

Sebanyak empat pelaku usaha yang terakhir ditunjuk mulai memungut PPN sejak 1 Oktober 2021 karena ditunjuk sejak bulan September 2021. Pemungutan PPN PMSE ini merupakan bagian dari upaya pemerintah menciptakan keadilan dengan menjaga kesetaraan berusaha (level playing field) antara pelaku usaha konvensional dan digital.

Lihat juga Video: Catat! Daftar Wilayah yang Masih Berlakukan Pemutihan Pajak Kendaraan

[Gambas:Video 20detik]





",https://finance.detik.com/berita-ekonomi-bisnis/d-5816338/netflix-hingga-tiktok-setor-pajak-ke-ri-hampir-rp-4-t
"Kabar Indah untuk Pencinta Bitcoin, Diramal Pecah Rekor",2022-01-15 05:46:33,"['Fino Yurio Kristo', 'Https', 'Www.Facebook.Com Detikinet', 'Fino Yurio Kristo - Detikinet']","Harga Bitcoin pada tahun 2022 ini diprediksi masih akan mengalami kenaikan dari sebelumnya. Bahkan Direktur Utama Bank Seba yang berbasis di Swiss, Guido Buhler, meramal nilai Bitcoin tahun ini bakal memecahkan rekor. Berapa?

Menrutnya, harga Bitcoin bisa naik sampai USD 75 ribu tahun ini atau lebih dari Rp 1 miliar. Menurut dia, penyebabnya adalah semakin banyak investor institusional mendukung mata uang kripto terbesar dunia itu.

""Kami yakin bahwa harganya akan naik,"" kata dia seperti dikutip detikINET dari CNBC, Sabtu (15/1/2022).

""Model valuasi internal kami mengindikasikan bahwa harganya di antara USD 50 ribu dan USD 75 ribu. Saya cukup percaya diri bahwa kita akan melihat level kenaikan itu. Pertanyaannya adalah soal timing,"" tambah dia.

Setelah melonjak ke nilai USD 69 ribu pada bulan November 2021, harga Bitcoin turun dalam beberapa bulan terakhir hingga menyentuh level USD 40 ribu.

Pendapat bahwa Bitcoin akan naik tahun ini juga sudah disuarakan sebelumnya oleh beberapa pakar keuangan. Bahkan ada yang memperkirakan nilai Bitcoin akan tembus USD 100 ribu atau lebih dari Rp 1 miliar.

Beberapa orang paling berpengetahuan di sektor ini memprediksi Bitcoin tembus USD 100 ribu di kuartal pertama 2022,"" kata Kate Waltman, akuntan spesialis kripto.

Mungkin di awal 2020, uang kripto masih kurang trengginas terkait situasi pandemi, kondisi ekonomi dan inflasi. Namun begitu banyaknya orang yang tertarik di bisnis kripto membuat nilainya akan membaik.

""Tahun depan adalah waktu yang penting bagi Bitcoin. Sebagai uang kripto tertua dan paling dikenal, suka atau tidak, Bitcoin adalah wajah kripto dunia,"" kata Marcus Sitiriu, analis di GlobalBlocks.

""Saat Bitcoin mencapai titik tertinggi, ia akan menarik banyak perhatian dan aksi di pasar kripto secara keseluruhan. Jadi prediksi saya, Bitcoin akan mencapai dan menembus harga USD 100 ribu di 2022,"" ungkapnya.

Mantap Jiwa! Harga Kripto Shiba Inu Meroket Nih",https://inet.detik.com/business/d-5898797/kabar-indah-untuk-pencinta-bitcoin-diramal-pecah-rekor
"Bill Gates: Usai Omicron, COVID-19 Bisa Jadi Flu Musiman",2022-01-14 22:37:05,"['Aisyah Kamaliah', 'Https', 'Www.Facebook.Com Detikinet', 'Aisyah Kamaliah - Detikinet']","Di tengah naiknya angka COVID-19 di sejumlah negara, Bill Gates melihat adanya kemungkinan bahwa usai Omicron, COVID-19 bisa diperlakukan layaknya flu musiman. Ia menuliskan pendapatnya pada QnA dengan Devi Sridhar Chair of Global Public Health University of Edinburgh.

Gates mengatakan sistem kesehatan akan mengalami tantangan besar pada negara-negara yang dilanda gelombang Omicron. Kebanyakan kasus parah kata Gates adalah orang-orang yang tidak divaksinasi.

""Setelah Omicron melanda negara maka selama sisa tahun akan terlihat sejumlah kecil kasus. Jadi COVID bisa diperlakukan seperti layaknya flu musiman,"" ujar founder of Microsoft ini, dilansir CNBC, Jumat (14/1/2022).

Gates memang beberapa kali menjawab pertanyaan soal prediksi terkait pandemi COVID-19. Menurutnya, Omicron akan menciptakan banyak kekebalan setidaknya tahun depan. Akan tetapi, ini juga harus sejalan dengan vaksinasi yang terus dilakukan sehingga pandemi bertransisi menjadi endemi.

Lalu, begitu COVID-19 menjadi endemi, kemungkinan vaksin COVID-19 akan dilakukan tahunan seperti suntik flu.

Indonesia sendiri sudah dimasuki varian Omicron. Data dari Kementerian Kesehatan hingga Senin (10/1), total konfirmasi Omicron ada sebanyak 506 kasus. Sejumlah selebriti seperti Ashanty dan Thoriq Halilintar disebut juga mengalami COVID-19 dengan varian ini.

Gejala Omicron antara lain:

Demam atau meriang Batuk Susah bernapas Kelelahan Nyeri Otot Muntah atau mual Hidung tersumbat Pilek Sakit tenggorokan Sakit kepala Kurang napsu makan Ruam kulit Keringat pada malam hari Kehilangan indra penciuman atau pengecapan Diare

Ramalan Bill Gates Terkait Varian Omicron",https://inet.detik.com/science/d-5898585/bill-gates-usai-omicron-covid-19-bisa-jadi-flu-musiman
"Dicolek Dirjen Pajak, Ghozali Everyday Siap Bayar Pajak",2022-01-15 10:45:11,"['Panji Saputro', 'Https', 'Www.Facebook.Com Detikinet', 'Panji Saputro - Detikinet']","Sultan Gustaf Al Ghozali atau lebih dikenal Ghozali Everyday, menyampaikan siap membayar pajak. Sebelumnya, ia diberi ucapan selamat oleh Ditjen Pajak (DJP), terkait foto selfie dirinya yang terjual hingga miliaran rupiah.

""Ini merupakan pembayaran pajak pertama dalam hidup saya. Tentu saya akan membayarnya, karena saya adalah warga negara Indonesia yang baik,"" tulis Ghozali, dikutip detikINET dari media sosial, Sabtu (15/1/2022).

Hal ini pun menarik perhatian para netizen, mengenai bagaimana Non Fungible Token (NFT) bisa masuk sebagai pajak. Menanggapi hal ini, melalui cuitan balasan dari akun Twitter @kring_pajak, mereka menyampaikan bahwa semuanya sudah sesuai peraturan perundang-undangan.

""Sesuai Pasal 4 UU Nomor 7 tahun 1983 sebagaimana telah beberapa kali diubah terakhir dengan UU Nomor 7 tahun 2021,"" tulis akun Twitter #PajakKitaUntukKita.

Menurut mereka, yang menjadi objek pajak adalah penghasilan, yaitu setiap tambahan kemampuan ekonomis diterima atau diperoleh Wajib Pajak. Di mana baik yang berasal dari Indonesia maupun luar Tanah Air, yang dapat dipakai untuk konsumsi.

""Atau untuk menambah kekayaan Wajib Pajak yang bersangkutan, dengan nama dan dalam bentuk apa pun. Sepanjang termasuk penghasilan, maka termasuk objek pajak penghasilan,"" tulis akun Twitter #PajakKitaUntukKita.

Mereka menambahkan, berdasarkan Pasal 14 PMK-242/PMK.03/2014, pembayaran dan penyetoran pajak dilakukan dalam mata uang Rupiah. Dikecualikan bagi WP yang telah mendapatkan izin menyelenggarakan pembukuan dalam Bahasa Inggris dan mata uang Dollar Amerika Serikat (AS).

Diketahui sebelumnya, Ghozali mendadak viral, setelah ia berhasil menjual foto selfie dirinya hingga miliaran Rupiah. Pemuda asal Solo ini, membanderol harga tiap foto senilai 0,001 Ethereum (ETH) atau kisaran Rp 48 ribu. Sedangkan totalnya ada 933 foto yang disuguhkan pada halaman profilnya di OpenSea, tempat ia menjadikan gambar tersebut sebagai NFT. Menurut pantauan detikINET, koleksi termurah dijual seharga 0,28 ETH atau kisaran Rp 13,5 juta.

Sehingga dengan total foto yang dimilikinya, nilai kekayaan Ghozali hampir Rp 12,6 miliar. Kejadian ini juga menarik perhatian para selebriti, seperti salah satunya Chef Arnold yang membeli hingga 20 NFT. Kemudian menggunakan koleksi tersebut, untuk dijadikan foto profil di akun media sosial.

*Anda kini bisa cek harga dan perbandingan smartphone terbaru di detikINET. Silakan klik DI SINI.

Bertemu Ghozali, Pemuda Semarang yang Cuan Miliaran Rupiah dari NFT",https://inet.detik.com/cyberlife/d-5899136/dicolek-dirjen-pajak-ghozali-everyday-siap-bayar-pajak
"Fans Berat Leslar, Ibu Ini Masak Nasi Kuning untuk Syukuran Baby L",2022-01-15 11:00:00,"['Devi Setya', 'Https', 'Www.Facebook.Com Detikfoodcom', 'Devi Setya - Detikfood']","Bukan hanya pasangan Lesti Kejora dan Rizky Billar yang bahagia menyambut lahirnya Baby L. Tapi juga para fansnya yang bahkan membuat nasi kuning untuk syukuran kelahiran Baby L.

Lesti Kejora baru saja melahirkan anak pertamanya pada 26 Desember 2021. Hadirnya bayi laki-laki yang diberi nama Muhammad Leslar Al-fatih Billar ini tentu membawa kebahagiaan untuk keluarga besar Lesti Kejora dan Rizky Billar.

Tapi ternyata bukan hanya keluarga yang bahagia, melainkan para fans dari Lesti dan Rizky Billar. Salah satunya seorang ibu yang merupakan fans berat dari Leslar, ia mengadakan syukuran atas kelahiran Baby L ini.

Fans Leslar Masak Nasi Kuning untuk Syukuran Baby L Foto: TikTok @khenerok6 Fans Leslar Masak Nasi Kuning untuk Syukuran Baby L Foto: TikTok @khenerok6

Momen saat ibu ini membuat nasi kuning pun dibagikan dalam video TikTok milik sang anak @khenerok6.

""Ya Allah saking ngefansnya sama Leslar, dari mulai Lesti dilamar, terus nikah sampai melahirkan baby L. Ibu aku selalu selametan bikin nasi kuning buat dibagi-bagi ke tetangga. Sehat terus ya mah,"" kata pemilik akun ini.

Terlihat seorang ibu berhijab sedang sibuk membungkus nasi masakannya. Tampaknya ia menyiapkan makanan ini untuk dibagikan kepada tetangga dekat rumahnya.

Video yang diunggah pada Selasa (11/1) ini pun langsung ramai dikomentari netizen. Beberapa orang memuji usaha sang ibu yang menggelar syukuran untuk artis idolanya, namun tak sedikit yang menuding kalai aksi ini hanya sebatas untuk panjat sosial alias pansos semata.

Tak sedikit juga yang berkomentar punya pengalaman serupa soal bagi-bagi makanan untuk syukuran pasangan penyanyi ini.

""Tetangga mamerku ngefans banget ke lesti, abis selesai rangkaian acara nikah nraktir aku bakso, katanya lesti udah nikah jadi dia yang bayar,"" ujar netizen.

""Sama Bu, saya penjual Bakso, saking nge fans nya, saya nadzar jika mereka nikah bakal bagi Bakso free. dan itu sdh aku tepati saat mereka ijab,"" sahut netizen lain

""Mau viral nih kayaknya. Tapi ga bisa,"" sindir netizen.

Ketika dikonfirmasi DetikFood (14/1) netizen bernama Yulia ini mengaku sang ibu memang fans Lesti Kejora. Bukan baru-baru ini saja, ibunya sudah menjadi penggemar Lesti sejak awal wanita ini ikut kompetisi menyanyi dangdut.

Komentar Netizen pada Ibu Masak Nasi Kuning untuk Syukuran Baby L Foto: TikTok @khenerok6 Komentar Netizen pada Ibu Masak Nasi Kuning untuk Syukuran Baby L Foto: TikTok @khenerok6

""Ibu aku nge fans dari dulu waktu lesti ikut audisi DA. Seburuk-buruknya artis kata ibu aku jgn di hujat,"" kata Yulia yang juga menjelaskan bahwa nasi kuning buatan ibunya dibagikan kepada tetangga terdekat.

Ia juga menegaskan bahwa ia sama sekali tak berniat pansos atau mencari perhatian lewat video yang dibagikan. ""Saya gak minat buat viral dan saya masih mampu buat bahagiain org tua. Ibu saya masih mampu tanpa minta bantuan ke siapapun,"" tegasnya.

Tak disangka, ternyata Rizky Billar ikut melihat video ini. Ia pun mengatakan akan memberi sedikit hadiah untuk ibu yang jadi fans berat Leslar.

""Hadiah kecil buat ibu yang sudah tulus. tidak bernilai besar namun inshaallah berarti,"" ujar Rizky Billar.

Bikin Laper: Beef Saikoro-Chicken Diavola yang Lembut dan Bertekstur",https://food.detik.com/info-kuliner/d-5899011/fans-berat-leslar-ibu-ini-masak-nasi-kuning-untuk-syukuran-baby-l
Panekuk ala Belanda Ini Cocok Jadi Hampers Ulang Tahun hingga Imlek,2022-01-15 10:25:30,"['Inkana Putri', 'Https', 'Www.Facebook.Com Detikfoodcom', 'Inkana Putri - Detikfood']","Nama panekuk mungkin jarang terdengar. Padahal, hampir di seluruh dunia memiliki versi panekuk tersendiri. Seperti halnya, pancake di Amerika atau crepes di Prancis.

Namun, berbeda dari keduanya, kue asal Belanda ini terbuat dari terigu, telur, gula, dan susu. Panekuk juga biasanya memiliki ketebalan lebih tipis dibanding pancake, namun tak sekering crepes.

Biasanya, panekuk sering disajikan dengan vla atau sirup maple dan disantap saat sarapan. Namun, saat ini panekuk tak hanya disajikan untuk sarapan atau camilan, melainkan sebagai hampers.

Theresia Firstianti Santoso menjadi salah seorang yang memanfaatkan peluang hampers panekuk dengan nama 'Panekuku'. Ia mengatakan usaha ini berawal karena adanya dampak pandemi terhadap pekerjaannya.

""Awalnya karena dampak pandemi, terdapat pengurangan pegawai di tempat kerja, jadi coba-coba menawarkan kue panekuk dan brownies ke teman dan tetangga. Dan akhirnya memutuskan mencoba membuka usaha online dari bulan Mei 2020,"" ujarnya kepada detikcom.

Instagram/Panekuku

Lebih lanjut, Theresia menambahkan Panekuku menjual berbagai macam panekuk seperti cokelat, vanilla, dan green tea yang dibandrol seharga Rp 80 ribu - Rp 90 ribu. Dari berbagai rasa tersebut, panekuk cokelat menjadi yang terfavorit.

""Ini nih yang paling best seller! Rasa yang paling banyak orang suka, cokelat. Ditambah rhum lebih mantap. Pas banget nih buat kasih teman, kerabat, keluarga,"" tulisnya melalui akun Instagram/panekuku.

Hingga saat ini, Theresia menyebut bisnisnya cukup diminati banyak orang. Pendapatan rata-rata dalam sebulannya pun telah mencapai Rp 1,5 juta hingga Rp 2 juta. Namun, adanya PPKM menyebabkan dirinya kesulitan mencari kurir dan bahan baku.

Untuk meningkatkan bisnisnya, ia pun mencoba membuat hampers-hampers untuk memenuhi kebutuhan konsumen saat mengirimi kerabat/teman yang ulang tahun atau momen lain. Tak hanya itu, ia juga mengikuti program Kembangkan Bisnis Kulinermu dari detikcom dan Kraft Heinz Food Service untuk mendapatkan berbagai ilmu bisnis kuliner.

""Ingin mendapatkan lebih banyak ilmu untuk menyusun strategi mengembangkan usaha agar lebih baik ke depannya. Saya harap usaha semakin berkembang dan melakukan lebih banyak inovasi baik dari segi produk, pelayanan, dan sebagainya,"" tandasnya.

Ciptakan Inovasi untuk Hadirkan Peluang Baru Usahamu",https://food.detik.com/berita-boga/d-5898141/panekuk-ala-belanda-ini-cocok-jadi-hampers-ulang-tahun-hingga-imlek
"Lagi! Gempa M 4,7 di Sumur Banten",2022-01-15 10:06:35,"['Danu Damarjati', 'Https', 'Www.Facebook.Com Detikcom', 'Danu Damarjati - Detiknews']","Pagi ini, kawasan laut dekat Selat Sunda kembali diguncang gempa. Gempa bermagnitudo (M) 4,7.

""Info gempa Magnitudo 4,7,"" demikian cuit akun resmi BMKG Bandung (@BMKGBandung), Sabtu (15/1/2022).

Gempa terjadi pada pukul 09.29.38 WIB. Lokasi pusat gempa ada di 48 km arah barat daya dari Sumur, Banten. Koordinatnya adalah 6,96 Lintang Selatan dan 105,26 Bujur Timur.

""Kedalaman 21 km,"" kata BMKG.

Gempa dirasakan di Sumur, Panggarangan, Cibeber, Malingping, Bayah, Cihara, Muarabinuangeun, Cigemblong, dan Panimbang pada skala III MMI. Getaran dirasakan nyata dalam rumah. Terasa getaran seakan-akan ada truk berlalu.

Simak Video: Update Dampak Gempa Banten: 1.100 Rumah Rusak-200 Warga Mengungsi

[Gambas:Video 20detik]







",http://news.detik.com/berita/d-5899104/lagi-gempa-m-47-di-sumur-banten
"Dicolek Dirjen Pajak, Ghozali Everyday Siap Bayar Pajak",2022-01-15 10:45:11,"['Panji Saputro', 'Https', 'Www.Facebook.Com Detikinet', 'Panji Saputro - Detikinet']","Sultan Gustaf Al Ghozali atau lebih dikenal Ghozali Everyday, menyampaikan siap membayar pajak. Sebelumnya, ia diberi ucapan selamat oleh Ditjen Pajak (DJP), terkait foto selfie dirinya yang terjual hingga miliaran rupiah.

""Ini merupakan pembayaran pajak pertama dalam hidup saya. Tentu saya akan membayarnya, karena saya adalah warga negara Indonesia yang baik,"" tulis Ghozali, dikutip detikINET dari media sosial, Sabtu (15/1/2022).

Hal ini pun menarik perhatian para netizen, mengenai bagaimana Non Fungible Token (NFT) bisa masuk sebagai pajak. Menanggapi hal ini, melalui cuitan balasan dari akun Twitter @kring_pajak, mereka menyampaikan bahwa semuanya sudah sesuai peraturan perundang-undangan.

""Sesuai Pasal 4 UU Nomor 7 tahun 1983 sebagaimana telah beberapa kali diubah terakhir dengan UU Nomor 7 tahun 2021,"" tulis akun Twitter #PajakKitaUntukKita.

Menurut mereka, yang menjadi objek pajak adalah penghasilan, yaitu setiap tambahan kemampuan ekonomis diterima atau diperoleh Wajib Pajak. Di mana baik yang berasal dari Indonesia maupun luar Tanah Air, yang dapat dipakai untuk konsumsi.

""Atau untuk menambah kekayaan Wajib Pajak yang bersangkutan, dengan nama dan dalam bentuk apa pun. Sepanjang termasuk penghasilan, maka termasuk objek pajak penghasilan,"" tulis akun Twitter #PajakKitaUntukKita.

Mereka menambahkan, berdasarkan Pasal 14 PMK-242/PMK.03/2014, pembayaran dan penyetoran pajak dilakukan dalam mata uang Rupiah. Dikecualikan bagi WP yang telah mendapatkan izin menyelenggarakan pembukuan dalam Bahasa Inggris dan mata uang Dollar Amerika Serikat (AS).

Diketahui sebelumnya, Ghozali mendadak viral, setelah ia berhasil menjual foto selfie dirinya hingga miliaran Rupiah. Pemuda asal Solo ini, membanderol harga tiap foto senilai 0,001 Ethereum (ETH) atau kisaran Rp 48 ribu. Sedangkan totalnya ada 933 foto yang disuguhkan pada halaman profilnya di OpenSea, tempat ia menjadikan gambar tersebut sebagai NFT. Menurut pantauan detikINET, koleksi termurah dijual seharga 0,28 ETH atau kisaran Rp 13,5 juta.

Sehingga dengan total foto yang dimilikinya, nilai kekayaan Ghozali hampir Rp 12,6 miliar. Kejadian ini juga menarik perhatian para selebriti, seperti salah satunya Chef Arnold yang membeli hingga 20 NFT. Kemudian menggunakan koleksi tersebut, untuk dijadikan foto profil di akun media sosial.

*Anda kini bisa cek harga dan perbandingan smartphone terbaru di detikINET. Silakan klik DI SINI.

Bertemu Ghozali, Pemuda Semarang yang Cuan Miliaran Rupiah dari NFT",http://inet.detik.com/cyberlife/d-5899136/dicolek-dirjen-pajak-ghozali-everyday-siap-bayar-pajak
"Dipolisikan JoMan soal Gibran-Kaesang, Ubedillah: Memang Dia Korban?",2022-01-15 09:06:47,"['Matius Alfons', 'Https', 'Www.Facebook.Com Detikcom', 'Matius Alfons - Detiknews']","Relawan Jokowi Mania (JoMan) resmi melaporkan dosen Universitas Negeri Jakarta (UNJ), Ubedillah Badrun, ke Polda Metro Jaya atas dugaan fitnah kepada Gibran Rakabuming dan Kaesang Pangarep. Ubedillah mengaku heran terhadap laporan Ketua Umum JoMan Immanuel Ebenezer alias Noel itu.

""Hal yang dilaporkan Noel itu delik aduan, mestinya yang melaporkan itu korban. Entah Noel ini korban apa ya? Saya tidak pernah berinteraksi dengan Noel sama sekali, kok bisa jadi korban?"" kata Ubedillah dalam keterangannya, Sabtu (15/1/2022).

Ubedillah menekankan dirinya melaporkan Gibran dan Kaesang atas dugaan tindak pidana korupsi dan tindak pidana pencucian uang. Dia menyebut Noel tidak ada kaitannya sama sekali terkait laporan tersebut.

""Saya melaporkan ke KPK itu tentang dugaan tindak pidana korupsi dan/atau tindak pidana pencucian uang, tidak ada hubungannya dengan Noel,"" ucapnya.

Lebih lanjut Ubedillah menyebut dirinya melaporkan terkait dugaan korupsi dan TPPU terhadap Gibran dan Kaesang atas dasar Tap MPR No XI Tahun 1998 terkait penyelenggaraan pemerintahan yang bersih dan bebas dari KKN. Dia berpendapat apa yang dilakukannya dilindungi oleh UU No 31 Tahun 2014 tentang perlindungan saksi dan korban, sehingga tak dapat dituntut balik.

""Saya menjalankan itu sesuai spirit reformasi 1998. Kebetulan saya adalah aktivis 1998, terpanggil untuk bertanggung jawab secara moral memilih langkah hukum ini. Maka langkah ini dijamin oleh UU No 31 Tahun 2014 tentang Perlindungan Saksi dan Korban. Bahwa sebagai pelapor dilindungi dan tidak dapat dituntut secara hukum, baik pidana maupun perdata,"" ujarnya.

Simak selengkapnya Ubedillah tidak akan mundur di halaman berikutnya.

Simak Video: Ubedillah Dipolisikan JoMan Buntut Laporkan Gibran-Kaesang ke KPK

[Gambas:Video 20detik]







",http://news.detik.com/berita/d-5899067/dipolisikan-joman-soal-gibran-kaesang-ubedillah-memang-dia-korban
"Pemotretan Fuji Curi Atensi, Penampilannya Disebut Netizen Mirip Artis Korea",2022-01-15 10:00:31,"['Vina Oktiani', 'Https', 'Www.Facebook.Com Wolipop', 'Vina Oktiani - Wolipop']","Sejak kepergian Vanessa Angel dan Bibi Ardiansyah, nama Fuji seringkali menjadi sorotan. Tak hanya karena kebaikan hatinya yang mau membantu mengurus anak semata wayang dari almarhum kakaknya, Gala Sky, melainkan gaya Fuji pun rupanya banyak diidolakan.

Kali ini Fuji pun kembali mencuri atensi usai video pemotretan dirinya beredar luas. Video tersebut kemudian diunggah ulang oleh akun Instagram @rumpi_gosip.

Dalam video hitam putih itu Fuji terlihat mengenakan blazer rok. Rambutnya tampak terurai dan dibuat keriting. Fuji lalu memberikan beragam ekspresi lucu di wajahnya.

View this post on Instagram A post shared by Gosip Terupdate (@rumpi_gosip)

Tak hanya mengunggah video pemotretan fuji, akun tersebut juga mengunggah komentar-komentar netizen yang menyebut penampilan adik Bibi Ardiansyah itu mirip artis Korea. Bahkan ada yang menyamakannya dengan aktris cantik asal Korea Selatan, Kim Tae Ri.

""Sadar ngak sih Fuji kaya artis korea,"" bunyi salah satu komentar tersebut.

""dari awal sya liat vlognya vanes ma bibi sya pikirnya temannya vanes keturunan korea. Tau-taunya adeknya Bibi,"" balas komentar lain.

""mirip kim tae rii gk sich,"" komentar netizen lain.

""samaa dr awal ngirandia mirip kim tae ri wkwkw,"" komentar lainnya.

Saat ini karier Fuji memang sedang meningkat. Selain sibuk syuting untuk YouTube dan melakukan berbagai pemotretan, Fuji juga mulai mencoba meniti karier di bidang seni peran. Adik ipar Vanessa Angel itu diketahui akan menjadi peran utama di dalam film berjudul Bukan Cinderella.",http://wolipop.detik.com/entertainment-news/d-5898650/pemotretan-fuji-curi-atensi-penampilannya-disebut-netizen-mirip-artis-korea
Melihat Persiapan Street Race di Ancol,2022-01-15 11:00:31,"['Pradita Utama', 'Https', 'Www.Facebook.Com Detikcom', 'Pradita Utama - Detiknews']","Sambodo mengatakan usai digelarnya ajang street race akhir pekan nanti, lokasi jalanan itu nantinya bisa digunakan para komunitas motor untuk melakukan latihan.",https://news.detik.com/foto-news/d-5899147/melihat-persiapan-street-race-di-ancol
Persiapan Dermaga Kapal Pesiar Marina Boom Banyuwangi,2022-01-14 22:44:17,"['Antara Foto Budi Candra Setya', 'Https', 'Www.Facebook.Com Detikfinance', 'Antara Foto Budi Candra Setya - Detikfinance']",PT Pelindo mempercepat pembangunan Marina Boom Banyuwangi untuk menyambut dua event yakni Wonderful Sail Indonesia dan Fremantle to Boom yang akan digelar di Banyuwangi tahun ini.,https://finance.detik.com/foto-bisnis/d-5898893/persiapan-dermaga-kapal-pesiar-marina-boom-banyuwangi
"Potret Rumah Bersejarah di Tangsel, Bekas Markas Tentara Dahulunya",2022-01-14 22:41:11,"['Syanti Mustika', 'Https', 'Www.Facebook.Com Detiktravel']",Di depan rumah ini terdapat papan informasi yang menyebutkan rumah ini adalah cagar budaya dengan nama Monumen Palagan Lengkong. Dalam papan tersebut diceritakan bagaimana kronologi singkat gugurnya Daan Mogor bersama para tentara lainnya.,https://travel.detik.com/fototravel/d-5898529/potret-rumah-bersejarah-di-tangsel-bekas-markas-tentara-dahulunya
Galeri Detail,,[],,https://event.detik.com/galeri/26-cerita-bunda-mengasah-kecerdasan-si-kecil
Sheila Dara dan Vidi Aldiano Mendadak Serius Sungkem ke Orang Tua,2022-01-15 11:05:28,"['Pingkan Anggraini', 'Https', 'Www.Facebook.Com Detikhot', 'Pingkan Anggraini - Detikhot']","Sheila Dara Aisha dan Vidi Aldiano sah menjadi pasangan suami dan istri. Usai melangsungkan akad, keduanya kemudian melakukan sungkeman kepada orang tua mereka.

Pertama dilakukan Sheila Dara Aisha kepada ibu dan ayah dari Vidi Aldiano.

Tampak Sheila Dara Aisha tak berhenti tersenyum menatap ibu dan ayah Vidi Aldiano. Lalu ia pun meletakan wajahnya pada kaki ibu dan ayah Vidi Aldiano untuk sungkem.

Momen ini mendadak serius. Sepanjang prosesi akad nikah, Vidi Aldiano dan Sheila Dara Aisha seringkali terlihat bicara sambil bercanda satu sama lain.

Mereka memang pasangan yang selalu bertindak lucu saat sudah bersama.

Setelah Sheila Dara Aisha sungkem ke orang tua Vidi Aldiano, giliran Vidi Aldiano yang melakukan sungkem.

Saat itu belum tampak Sheila Dara dan Vidi Aldiano meneteskan air mata. Keduanya tetap melontarkan senyuman mereka kepada orang tua masing-masing.

Sesekali mereka saling mentap orang tua dan memeluk mereka satu persatu. Tak lama setelah itu Vidi Aldiano dan Sheila Dara pun meneteskan air mata mereka.

Setelah semua rangkaian sungkem selesai, mereka langsung sungkem ke eyang dari Sheila Dara. Keduanya memeluk erat sang eyang.

Mereka kembali ke kursi mempelai setelah selesai melakukan prosesi sungkem. Sheila Dara Aisha dan Vidi Aldiano kembali tersenyum lagi.

Tampak Sheila Dara dan Vidi Aldiano kerap bercanda. Keduanya tampak bahagia dan selalu tertawa bersama.

Pada pernikahan Vidi Aldiano dan Sheila Dara mengusung tema adat Sunda. Vidi Aldiano menikahi Sheila Dara Aisha dengan mahar USD 1.000 dan 501 poundsterling.

Momen Bahagia Vidi Aldiano Melamar Sheila Dara",https://hot.detik.com/celeb/d-5899142/sheila-dara-dan-vidi-aldiano-mendadak-serius-sungkem-ke-orang-tua
Momen Puan Maharani Hadiri Pernikahan Vidi Aldiano dan Sheila Dara,2022-01-15 10:38:58,"['Pingkan Anggraini', 'Https', 'Www.Facebook.Com Detikhot', 'Pingkan Anggraini - Detikhot']","Ketua DPR RI Puan Maharani tampak hadir di pernikahan Vidi Aldiano dan Sheila Dara.

Puan Maharani tampak duduk di kursi undangan. Ia menggunakan pakaian dari bbahan brokat berwarna putih selaras dengan maskernya.

Lebih lanjut, Puan Maharani dan tamu-tamu lainnya mendapat saweran dari pengantin yang dimasukkan ke dalam kantong kecil.

Saat menerima saweran itu, Puan Maharani menerimannya sambil duduk di kursi undangan. Ia sesekali tampak tersenyum kepada tamu undangan yang hadir.

Kantong saweran itu disebut pembawa acara berisi diantaranya coklat dan perman. Saweran itu diberikan oleh keluarga Vidi Aldiano dan Sheila Dara Aisha kepada tamu dalam rangkaian acara adat Sunda setelah menikah.

Seharusnya saweran itu dilemparkan dan disebarkan oleh keluarga yang tengah menggelar pesta. Akan tetapi, dalam masa pandemi, saweran dibagikan langsung ke tamu-tamu dan sudah dimasukkan ke dalam kantong kecil yang biasanya berisi uang logam, beras, kunyit, permen, dan coklat.

Diketahui, Sheila Dara dan Vidi Aldiano resmi menjadi suami istri pada pagi ini. Keduanya telah melewati momen akadnya.

Bukan hanya itu saja, maskawin pernikahan Vidi Aldiano dan Sheila Data adalah USD 1.000 dan 501 poudsterling.

Pada pernikahan ini Vidi Aldiano dan Sheila Dara mengusung tema adat Sunda. Tampak terlihat dari pakaian yang digunakan Vidi Aldiano berserta pakaian keluarga.

Kompak terlihat keluarga dan kerabat lainnya menggunakan pakaian kebaya untuk wanita dan jas untuk pria berwarna hijau.

Lalu untuk keluarga inti Vidi Aldiano, ayah dan ibunya kompak menggunakan pakaian berwarna cokelat.

Gaya Puan Maharani Hadiri Pernikahan Vidi Aldiano-Sheila Dara",https://hot.detik.com/celeb/d-5899132/momen-puan-maharani-hadiri-pernikahan-vidi-aldiano-dan-sheila-dara
Beda Sheila Dara Aisha dengan Pengantin Lain Memohon Restu ke Orang Tua,2022-01-15 10:06:33,"['Pingkan Anggraini', 'Https', 'Www.Facebook.Com Detikhot', 'Pingkan Anggraini - Detikhot']","Vidi Aldiano dan Sheila Dara sah menikah hari ini. Keduanya resmi menjadi sepasang suami istri setelah ijab kabul nikah yang digelar sekitar pukul 9.00 WIB.

Sebelum Vidi Aldiano melafalkan kalimat ijab kabul, Sheila Dara Aisha lebih dulu meminta dan mengucapkan permohonan izin serta maaf kepada orang tuanya.

Berbeda dengan pengantin perempuan pada umumnya, Sheila Dara tampak tegar dan tidak menangis saat memohon izin dan meminta maaf kepada ayah dan bundanya untuk menikah dengan Vidi Aldiano.

""Ayah, dan Bunda, saya selalu merasa beruntung ada di keluarga yang sangat menyayangi saya, dan orang tua yang selalu menjaga dan mendukung jalan yang ingin saya tempuh,"" ujar Sheila Dara, Sabtu (15/1/2022).

""Terimakasih sudah membimbing dan juga menjadi contoh yang baik selama saya tumbuh. Saya ingin mengucapkan terimakasih kepada Ayah dan Bunda. Sampai sekarang saya yakin banyak momen yang menyakiti ayah dan bunda. Saya mau minta maaf atas kesalahan yang saya lakukan. Saya meminta izin untuk menikah dengan Oxavia Aldiano. Semoga kami bisa menjadi keluarga yang sakinah, mawadah dan warohmah,"" lanjut Sheila Dara.

Lalu sang ayah yang berada di depan Sheila Dara pun menjawab. Ayahnya mengizinkan Sheila Dara untuk menikah dengan laki-laki pilihannya, Vidi Aldiano.

""Sheila adalah anugerah bagi ayah, anak pertama dan sudah jadi tanggung jawab ayah untuk membimbing jadi anak yang salihah. Insyaallah berguna bagi semuanya. Ayah dan bunda ikhlas dan memenuhi permohonan Sheila menikah dengan pilihannya Oxavia Aldiano dengan mas kawin 1000 dolar Amerika dan 501 poudsterling. Semoga sakinah mawadah warahmah serta dianugerahi anak yang soleh dan salihah, amin,"" jawab sang ayah.

Lalu keduanya saling berdiri, Sheila Dara pun mencium tangan ayahnya.

Pada pernikahan ini Vidi Aldiano dan Sheila Dara mengusung tema adat Sunda. Tampak terlihat dari pakaian yang digunakan Vidi Aldiano berserta pakaian keluarga.

Kompak terlihat keluarga dan kerabat lainnya menggunakan pakaian kebaya untuk wanita dan jas untuk pria berwarna hijau.

Lalu untuk keluarga inti Vidi Aldiano, ayah dan ibunya kompak menggunakan pakaian berwarna cokelat.

Acara ini juga di hadiri beberapa orang sebagai undangan. Mereka tetap menjaga jarak, menggunakan masker sebagai persyaratan protokol kesehatan di masa COVID-19.

Momen Bahagia Vidi Aldiano Melamar Sheila Dara",https://hot.detik.com/celeb/d-5899098/beda-sheila-dara-aisha-dengan-pengantin-lain-memohon-restu-ke-orang-tua
"Juragan 99 Menang Lelang Rolex Taqy Malik, Rp 1,15 M Dibayar Langsung",2022-01-15 10:21:42,"['Febriyantino Nur Pratama', 'Https', 'Www.Facebook.Com Detikhot', 'Febriyantino Nur Pratama - Detikhot']","Taqy Malik merelakan jam Rolex kesayangannya dilelang untuk pembangunan sebuah masjid di Yogyakarta. Lelang itu dimenangkan oleh Gilang Juragan 99 dengan angka Rp 1,15 Miliar.

Serahterima jam dan uang dilakukan di Pave Bistro milik Juragan 99 di kawasan Radio Dalam, Jakarta Selatan pada Jumat 14 Desember 2021 malam. Uang itu terpantau diserahkan langsung kepada Taqy Malik secara tunai.

Penyerahan uang dan jam Rolex itu juga disaksikan oleh rekan-rekan sesama artis, yakni Arie Untung dan Rizal Armada.

""Satu, dua, tiga, empat, lima, enam, seratus sepuluh, lima belas, 1 miliar 150 ya, oke,"" ujar Gilang Juragan 99 sembari menghitung uang yang dibukanya dari sebuah koper mewah.

""Masyaallah,"" sebut Arie Untung dan Rizal Armada.

Sontak Arie Untung menyebut bahwa gepokan uang itu bukanlah uang monopoli.

""Ini uang asli ya bukan uang monopoli ya teman-teman,"" kata Arie Untung dibalas sedikit tawa awak media.

Akhirnya serah terima uang dan jam Rolex itu resmi dilakukan. Taqy Malik dan Gilang Juragan 99 bersalaman. Sebelum menyerahkan jamnya kepada Gilang Juragan 99, Taqy Malik sengaja memakai terus jam kesayangannya.

""Ini sengaja saya pakai terus karena detik-detik saya mau kasih saya infakin, bismillah. Jamnya dikasih ke Mas Gilang, mudah-mudahan bermanfaat Mas ini,"" kata Taqy Malik.

Mantan suami Salmafina Sunan itu menyebut tak semua orang yang banyak duit mau mengamalkan hartanya untuk pembangunan masjid. Tak lupa dalam kesempatan itu Taqy Malik juga turut mendoakan sang Sultan Malang itu.

""Sebenarnya bukan uangnya yang banyak, tapi imannya Mas Gilang yang banyak. Tidak semua orang lo yang punya uang banyak yang mau untuk berinfak membangun masjid nggak semua orang hanya orang-orang tertentu yang ada iman di hatinya, hanya orang-orang tertentu yang imannya besar ada gerakan ada rasa kepedulian terhadap umat,"" ungkap Taqy Malik.

""Maka ini wajar Mas Gilang Allah angkat derajat hidup beliau bisnis dimudahkan karena apa, beliau begitu ringan membantu orang lain, begitu ringan untuk membangun umat, begitu ringan membangun masjid. Bayangkan begitu dahsyatnya, maka kita doakan mas Gilang panjang umur sehat terus dan terus bisa menjadi orang yang bermanfaat buat orang lain amin, dan berkah. Apa yang beliau jalankan aktifitasnya bisnisnya usianya dan keluarga keluarganya insyaallah amin,"" pungkas Taqy Malik mendoakan sang Juragan 99.

Lelang Rolex Rp 1,15 M, Taqy Malik Sedekahkan untuk Bangun Masjid",https://hot.detik.com/celeb/d-5899113/juragan-99-menang-lelang-rolex-taqy-malik-rp-115-m-dibayar-langsung
"Cara Orang Tua Mencegah Kekerasan Seksual pada Anak, Begini Kata Psikolog",2022-01-15 10:02:56,"['Atilah Tia Abelta', 'Https', 'Www.Facebook.Com Detikhealth', 'Atilah Tia Abelta - Detikhealth']","Beberapa waktu lalu ramai dibicarakan kasus Herry Wirawan yang memperkosa 13 santriwati di Bandung bahkan korbannya itu hamil hingga melahirkan anak.



Tentu kejadian itu menjadi perhatian dan membuat para orang tua khawatir, sebab melibatkan anak-anak sebagai korban kekerasan seksual.





Psikolog klinis anak dan remaja, Irma Gustiana, menyampaikan dalam program e-Life pada Jumat (14/1/2022), tentang bagaimana upaya yang bisa dilakukan orang tua dalam mencegah kekerasan seksual pada anak.



Irma menuturkan keluarga sebagai tempat pertama seorang anak untuk belajar tentang segala hal. Untuk itu, orang tua perlu mengedukasi diri sendiri dan memperbanyak ilmu terkait dengan pendidikan seksualitas sebelum nantinya disampaikan ke anak.



""Keluarga itu kan tempat pertama anak belajar mengenai apapun, dan sebagai orang tua ya perlu selalu mengedukasi diri sendiri juga gitu ya. Memperbanyak keilmuan terkait dengan pengasuhan, termasuk hal-hal yang berhubungan dengan bagaimana kita mendidik mereka terkait dengan pendidikan seksualitas,"" kata Irma.



Pendidikan seksualitas juga harus diberikan sesuai dengan usia anak. Orang tua bisa memulainya dengan mengajarkan kepada anak tentang penamaan alat kelamin laki-laki maupun wanita harus menggunakan nama ilmiah. Selain itu, mengajarkan anak tentang privasi tubuhnya juga penting dilakukan.



""Memang pendidikan seksualitas ini sesuai dengan usianya. Seperti yg sudah disampaikan Bu Retno (Komisioner Komisi Perlindungan Anak Indonesia), misalnya menamakan alat kelamin sesuai dengan nama ilmiah, itu juga pendidikan seksualitas dan itu bisa dilakukan sejak kecil sekali saat anak sedang belajar mengenai tubuhnya,"" jelas Irma.



""Mungkin kita bisa mengajarkan anak terkait dengan privasi, misalnya ke kamar mandi harus menggunakan pakaian atau pakai handuk itu juga privasi. Sehingga anak merasa bahwa tubuhnya ini hanya dia saja yang bisa menyentuh dan sebagainya,"" sambungnya.



Kemudian orang tua sebaiknya mengusahakan untuk memisahkan kamar tidur anak laki-laki dan perempuan apabila usianya sudah hampir memasuki masa puber.



Sebagai orang tua penting untuk mengupayakan dan mengedukasi hal-hal tersebut guna meminimalkan potensi kekerasan seksual yang terjadi pada anak.



Irma juga menyampaikan bahwa orang tua harus mengajarkan anaknya untuk berani berbicara atau bercerita apabila terjadi sesuatu pada tubuh si anak atau jika mengalami kekerasan seksual.



""Dan satu lagi, mengajarkan mereka (anak-anak) untuk berani bicara, dan itu dimulai dari bagaimana anak berani bicara dengan orang tuanya, berani bercerita dengan orang tuanya tanpa orang tua itu bersikap menghakimi, sehingga anak ada keluangan hati untuk bisa mengekspresikan apa sebenarnya dia rasakan dan dia pikirkan, atau ketakutan apa sebenarnya yang dia temukan. Nah itu menjadi penting sih,"" tutupnya.



Lingkaran Setan Kekerasan Seksual Anak",https://health.detik.com/berita-detikhealth/d-5899099/cara-orang-tua-mencegah-kekerasan-seksual-pada-anak-begini-kata-psikolog
